Type,Test,countmaxDOWN,countmaxUP,countminDOWN,countminUP,countmeanDOWN,countmeanUP,countvarDOWN,countvarUP,indexmin,indexmax,indexmean,minminmin,minminmax,minminmean,minmaxmin,minmaxmax,minmaxmean,minmeanmin,minmeanmax,minmeanmean,maxminmin,maxminmax,maxminmean,maxmaxmin,maxmaxmax,maxmaxmean,maxmeanmin,maxmeanmax,maxmeanmean,meanminmin,meanminmax,meanminmean,meanmaxmin,meanmaxmax,meanmaxmean,meanmeanmin,meanmeanmax,meanmeanmean,"('lostPackets', 'sum')","('lostPackets', 'mean')","('timesForwarded', 'sum')","('timesForwarded', 'max')","('timesForwarded', 'mean')","('timesForwarded', 'var')",entopy_input,min_input,max_input,mean_input,var_input,entopy_output,min_output,max_output,mean_output,var_output,min_diff,max_diff,mean_diff,var_diff,entopy_normolized,min_normolized,max_normolized,mean_normolized,var_normolized,src_count,dst_count
100,0,2,37,2,32,2,35,0,5,0,5,2.5,1,1,1,1,3,2.1666666666666665,1.0,1.4,1.2047619047619047,1,1,1,1,3,2.1666666666666665,1.0,1.4,1.2047619047619047,1,1,1,1,3,2.1666666666666665,1.0,1.4,1.2047619047619047,0,0,22,22,2.75,60.5,1.2590205373074228,2.0,19.0,11.75,50.916666666666664,0.9734583120995157,1.0,21.0,8.75,86.91666666666667,-7.0,17.0,3.0,101.33333333333333,1.0993981563446316,1.0,25.0,11.0,101.33333333333333,27,18
100,1,2,37,2,32,2,35,0,5,6,11,8.5,1,1,1,1,3,2.1666666666666665,1.0,1.4,1.2047619047619047,1,1,1,1,3,2.1666666666666665,1.0,1.4,1.2047619047619047,1,1,1,1,3,2.1666666666666665,1.0,1.4,1.2047619047619047,0,0,22,22,2.75,60.5,1.2590205373074228,2.0,19.0,11.75,50.916666666666664,0.9734583120995157,1.0,21.0,8.75,86.91666666666667,-7.0,17.0,3.0,101.33333333333333,1.0993981563446316,1.0,25.0,11.0,101.33333333333333,27,18
100,10,2,37,2,32,2,35,0,5,12,17,14.5,1,1,1,1,3,2.1666666666666665,1.0,1.4,1.2047619047619047,1,1,1,1,3,2.1666666666666665,1.0,1.4,1.2047619047619047,1,1,1,1,3,2.1666666666666665,1.0,1.4,1.2047619047619047,0,0,22,22,2.75,60.5,1.2590205373074228,2.0,19.0,11.75,50.916666666666664,0.9734583120995157,1.0,21.0,8.75,86.91666666666667,-7.0,17.0,3.0,101.33333333333333,1.0993981563446316,1.0,25.0,11.0,101.33333333333333,27,18
100,11,2,37,2,32,2,35,0,5,18,23,20.5,1,1,1,1,3,2.1666666666666665,1.0,1.4,1.2047619047619047,1,1,1,1,3,2.1666666666666665,1.0,1.4,1.2047619047619047,1,1,1,1,3,2.1666666666666665,1.0,1.4,1.2047619047619047,0,0,22,22,2.75,60.5,1.2590205373074228,2.0,19.0,11.75,50.916666666666664,0.9734583120995157,1.0,21.0,8.75,86.91666666666667,-7.0,17.0,3.0,101.33333333333333,1.0993981563446316,1.0,25.0,11.0,101.33333333333333,27,18
100,12,2,37,2,32,2,35,0,5,24,29,26.5,1,1,1,1,3,2.1666666666666665,1.0,1.4,1.2047619047619047,1,1,1,1,3,2.1666666666666665,1.0,1.4,1.2047619047619047,1,1,1,1,3,2.1666666666666665,1.0,1.4,1.2047619047619047,0,0,22,22,2.75,60.5,1.2590205373074228,2.0,19.0,11.75,50.916666666666664,0.9734583120995157,1.0,21.0,8.75,86.91666666666667,-7.0,17.0,3.0,101.33333333333333,1.0993981563446316,1.0,25.0,11.0,101.33333333333333,27,18
100,13,2,37,2,32,2,35,0,5,30,35,32.5,1,1,1,1,3,2.1666666666666665,1.0,1.4,1.2047619047619047,1,1,1,1,3,2.1666666666666665,1.0,1.4,1.2047619047619047,1,1,1,1,3,2.1666666666666665,1.0,1.4,1.2047619047619047,0,0,22,22,2.75,60.5,1.2590205373074228,2.0,19.0,11.75,50.916666666666664,0.9734583120995157,1.0,21.0,8.75,86.91666666666667,-7.0,17.0,3.0,101.33333333333333,1.0993981563446316,1.0,25.0,11.0,101.33333333333333,27,18
100,14,2,37,2,32,2,35,0,5,36,41,38.5,1,1,1,1,3,2.1666666666666665,1.0,1.4,1.2047619047619047,1,1,1,1,3,2.1666666666666665,1.0,1.4,1.2047619047619047,1,1,1,1,3,2.1666666666666665,1.0,1.4,1.2047619047619047,0,0,22,22,2.75,60.5,1.2590205373074228,2.0,19.0,11.75,50.916666666666664,0.9734583120995157,1.0,21.0,8.75,86.91666666666667,-7.0,17.0,3.0,101.33333333333333,1.0993981563446316,1.0,25.0,11.0,101.33333333333333,27,18
100,15,2,37,2,32,2,35,0,5,42,47,44.5,1,1,1,1,3,2.1666666666666665,1.0,1.4,1.2047619047619047,1,1,1,1,3,2.1666666666666665,1.0,1.4,1.2047619047619047,1,1,1,1,3,2.1666666666666665,1.0,1.4,1.2047619047619047,0,0,22,22,2.75,60.5,1.2590205373074228,2.0,19.0,11.75,50.916666666666664,0.9734583120995157,1.0,21.0,8.75,86.91666666666667,-7.0,17.0,3.0,101.33333333333333,1.0993981563446316,1.0,25.0,11.0,101.33333333333333,27,18
100,16,2,37,2,32,2,35,0,5,48,53,50.5,1,1,1,1,3,2.1666666666666665,1.0,1.4,1.2047619047619047,1,1,1,1,3,2.1666666666666665,1.0,1.4,1.2047619047619047,1,1,1,1,3,2.1666666666666665,1.0,1.4,1.2047619047619047,0,0,22,22,2.75,60.5,1.2590205373074228,2.0,19.0,11.75,50.916666666666664,0.9734583120995157,1.0,21.0,8.75,86.91666666666667,-7.0,17.0,3.0,101.33333333333333,1.0993981563446316,1.0,25.0,11.0,101.33333333333333,27,18
100,17,2,37,2,32,2,35,0,5,54,59,56.5,1,1,1,1,3,2.1666666666666665,1.0,1.4,1.2047619047619047,1,1,1,1,3,2.1666666666666665,1.0,1.4,1.2047619047619047,1,1,1,1,3,2.1666666666666665,1.0,1.4,1.2047619047619047,0,0,22,22,2.75,60.5,1.2590205373074228,2.0,19.0,11.75,50.916666666666664,0.9734583120995157,1.0,21.0,8.75,86.91666666666667,-7.0,17.0,3.0,101.33333333333333,1.0993981563446316,1.0,25.0,11.0,101.33333333333333,27,18
100,18,2,37,2,32,2,35,0,5,60,65,62.5,1,1,1,1,3,2.1666666666666665,1.0,1.4,1.2047619047619047,1,1,1,1,3,2.1666666666666665,1.0,1.4,1.2047619047619047,1,1,1,1,3,2.1666666666666665,1.0,1.4,1.2047619047619047,0,0,22,22,2.75,60.5,1.2590205373074228,2.0,19.0,11.75,50.916666666666664,0.9734583120995157,1.0,21.0,8.75,86.91666666666667,-7.0,17.0,3.0,101.33333333333333,1.0993981563446316,1.0,25.0,11.0,101.33333333333333,27,18
100,19,2,37,2,32,2,35,0,5,66,71,68.5,1,1,1,1,3,2.1666666666666665,1.0,1.4,1.2047619047619047,1,1,1,1,3,2.1666666666666665,1.0,1.4,1.2047619047619047,1,1,1,1,3,2.1666666666666665,1.0,1.4,1.2047619047619047,0,0,22,22,2.75,60.5,1.2590205373074228,2.0,19.0,11.75,50.916666666666664,0.9734583120995157,1.0,21.0,8.75,86.91666666666667,-7.0,17.0,3.0,101.33333333333333,1.0993981563446316,1.0,25.0,11.0,101.33333333333333,27,18
100,2,2,37,2,32,2,35,0,5,72,77,74.5,1,1,1,1,3,2.1666666666666665,1.0,1.4,1.2047619047619047,1,1,1,1,3,2.1666666666666665,1.0,1.4,1.2047619047619047,1,1,1,1,3,2.1666666666666665,1.0,1.4,1.2047619047619047,0,0,22,22,2.75,60.5,1.2590205373074228,2.0,19.0,11.75,50.916666666666664,0.9734583120995157,1.0,21.0,8.75,86.91666666666667,-7.0,17.0,3.0,101.33333333333333,1.0993981563446316,1.0,25.0,11.0,101.33333333333333,27,18
100,20,2,37,2,32,2,35,0,5,78,83,80.5,1,1,1,1,3,2.1666666666666665,1.0,1.4,1.2047619047619047,1,1,1,1,3,2.1666666666666665,1.0,1.4,1.2047619047619047,1,1,1,1,3,2.1666666666666665,1.0,1.4,1.2047619047619047,0,0,22,22,2.75,60.5,1.2590205373074228,2.0,19.0,11.75,50.916666666666664,0.9734583120995157,1.0,21.0,8.75,86.91666666666667,-7.0,17.0,3.0,101.33333333333333,1.0993981563446316,1.0,25.0,11.0,101.33333333333333,27,18
100,21,2,37,2,32,2,35,0,5,84,89,86.5,1,1,1,1,3,2.1666666666666665,1.0,1.4,1.2047619047619047,1,1,1,1,3,2.1666666666666665,1.0,1.4,1.2047619047619047,1,1,1,1,3,2.1666666666666665,1.0,1.4,1.2047619047619047,0,0,22,22,2.75,60.5,1.2590205373074228,2.0,19.0,11.75,50.916666666666664,0.9734583120995157,1.0,21.0,8.75,86.91666666666667,-7.0,17.0,3.0,101.33333333333333,1.0993981563446316,1.0,25.0,11.0,101.33333333333333,27,18
100,22,2,37,2,32,2,35,0,5,90,95,92.5,1,1,1,1,3,2.1666666666666665,1.0,1.4,1.2047619047619047,1,1,1,1,3,2.1666666666666665,1.0,1.4,1.2047619047619047,1,1,1,1,3,2.1666666666666665,1.0,1.4,1.2047619047619047,0,0,22,22,2.75,60.5,1.2590205373074228,2.0,19.0,11.75,50.916666666666664,0.9734583120995157,1.0,21.0,8.75,86.91666666666667,-7.0,17.0,3.0,101.33333333333333,1.0993981563446316,1.0,25.0,11.0,101.33333333333333,27,18
100,23,2,37,2,32,2,35,0,5,96,101,98.5,1,1,1,1,3,2.1666666666666665,1.0,1.4,1.2047619047619047,1,1,1,1,3,2.1666666666666665,1.0,1.4,1.2047619047619047,1,1,1,1,3,2.1666666666666665,1.0,1.4,1.2047619047619047,0,0,22,22,2.75,60.5,1.2590205373074228,2.0,19.0,11.75,50.916666666666664,0.9734583120995157,1.0,21.0,8.75,86.91666666666667,-7.0,17.0,3.0,101.33333333333333,1.0993981563446316,1.0,25.0,11.0,101.33333333333333,27,18
100,24,2,37,2,32,2,35,0,5,102,107,104.5,1,1,1,1,3,2.1666666666666665,1.0,1.4,1.2047619047619047,1,1,1,1,3,2.1666666666666665,1.0,1.4,1.2047619047619047,1,1,1,1,3,2.1666666666666665,1.0,1.4,1.2047619047619047,0,0,22,22,2.75,60.5,1.2590205373074228,2.0,19.0,11.75,50.916666666666664,0.9734583120995157,1.0,21.0,8.75,86.91666666666667,-7.0,17.0,3.0,101.33333333333333,1.0993981563446316,1.0,25.0,11.0,101.33333333333333,27,18
100,25,2,37,2,32,2,35,0,5,108,113,110.5,1,1,1,1,3,2.1666666666666665,1.0,1.4,1.2047619047619047,1,1,1,1,3,2.1666666666666665,1.0,1.4,1.2047619047619047,1,1,1,1,3,2.1666666666666665,1.0,1.4,1.2047619047619047,0,0,22,22,2.75,60.5,1.2590205373074228,2.0,19.0,11.75,50.916666666666664,0.9734583120995157,1.0,21.0,8.75,86.91666666666667,-7.0,17.0,3.0,101.33333333333333,1.0993981563446316,1.0,25.0,11.0,101.33333333333333,27,18
100,26,2,37,2,32,2,35,0,5,114,119,116.5,1,1,1,1,3,2.1666666666666665,1.0,1.4,1.2047619047619047,1,1,1,1,3,2.1666666666666665,1.0,1.4,1.2047619047619047,1,1,1,1,3,2.1666666666666665,1.0,1.4,1.2047619047619047,0,0,22,22,2.75,60.5,1.2590205373074228,2.0,19.0,11.75,50.916666666666664,0.9734583120995157,1.0,21.0,8.75,86.91666666666667,-7.0,17.0,3.0,101.33333333333333,1.0993981563446316,1.0,25.0,11.0,101.33333333333333,27,18
100,27,2,37,2,32,2,35,0,5,120,125,122.5,1,1,1,1,3,2.1666666666666665,1.0,1.4,1.2047619047619047,1,1,1,1,3,2.1666666666666665,1.0,1.4,1.2047619047619047,1,1,1,1,3,2.1666666666666665,1.0,1.4,1.2047619047619047,0,0,22,22,2.75,60.5,1.2590205373074228,2.0,19.0,11.75,50.916666666666664,0.9734583120995157,1.0,21.0,8.75,86.91666666666667,-7.0,17.0,3.0,101.33333333333333,1.0993981563446316,1.0,25.0,11.0,101.33333333333333,27,18
100,28,2,37,2,32,2,35,0,5,126,131,128.5,1,1,1,1,3,2.1666666666666665,1.0,1.4,1.2047619047619047,1,1,1,1,3,2.1666666666666665,1.0,1.4,1.2047619047619047,1,1,1,1,3,2.1666666666666665,1.0,1.4,1.2047619047619047,0,0,22,22,2.75,60.5,1.2590205373074228,2.0,19.0,11.75,50.916666666666664,0.9734583120995157,1.0,21.0,8.75,86.91666666666667,-7.0,17.0,3.0,101.33333333333333,1.0993981563446316,1.0,25.0,11.0,101.33333333333333,27,18
100,29,2,37,2,32,2,35,0,5,132,137,134.5,1,1,1,1,3,2.1666666666666665,1.0,1.4,1.2047619047619047,1,1,1,1,3,2.1666666666666665,1.0,1.4,1.2047619047619047,1,1,1,1,3,2.1666666666666665,1.0,1.4,1.2047619047619047,0,0,22,22,2.75,60.5,1.2590205373074228,2.0,19.0,11.75,50.916666666666664,0.9734583120995157,1.0,21.0,8.75,86.91666666666667,-7.0,17.0,3.0,101.33333333333333,1.0993981563446316,1.0,25.0,11.0,101.33333333333333,27,18
100,3,2,37,2,32,2,35,0,5,138,143,140.5,1,1,1,1,3,2.1666666666666665,1.0,1.4,1.2047619047619047,1,1,1,1,3,2.1666666666666665,1.0,1.4,1.2047619047619047,1,1,1,1,3,2.1666666666666665,1.0,1.4,1.2047619047619047,0,0,22,22,2.75,60.5,1.2590205373074228,2.0,19.0,11.75,50.916666666666664,0.9734583120995157,1.0,21.0,8.75,86.91666666666667,-7.0,17.0,3.0,101.33333333333333,1.0993981563446316,1.0,25.0,11.0,101.33333333333333,27,18
100,30,2,37,2,32,2,35,0,5,144,149,146.5,1,1,1,1,3,2.1666666666666665,1.0,1.4,1.2047619047619047,1,1,1,1,3,2.1666666666666665,1.0,1.4,1.2047619047619047,1,1,1,1,3,2.1666666666666665,1.0,1.4,1.2047619047619047,0,0,22,22,2.75,60.5,1.2590205373074228,2.0,19.0,11.75,50.916666666666664,0.9734583120995157,1.0,21.0,8.75,86.91666666666667,-7.0,17.0,3.0,101.33333333333333,1.0993981563446316,1.0,25.0,11.0,101.33333333333333,27,18
100,31,2,37,2,32,2,35,0,5,150,155,152.5,1,1,1,1,3,2.1666666666666665,1.0,1.4,1.2047619047619047,1,1,1,1,3,2.1666666666666665,1.0,1.4,1.2047619047619047,1,1,1,1,3,2.1666666666666665,1.0,1.4,1.2047619047619047,0,0,22,22,2.75,60.5,1.2590205373074228,2.0,19.0,11.75,50.916666666666664,0.9734583120995157,1.0,21.0,8.75,86.91666666666667,-7.0,17.0,3.0,101.33333333333333,1.0993981563446316,1.0,25.0,11.0,101.33333333333333,27,18
100,32,2,37,2,32,2,35,0,5,156,161,158.5,1,1,1,1,3,2.1666666666666665,1.0,1.4,1.2047619047619047,1,1,1,1,3,2.1666666666666665,1.0,1.4,1.2047619047619047,1,1,1,1,3,2.1666666666666665,1.0,1.4,1.2047619047619047,0,0,22,22,2.75,60.5,1.2590205373074228,2.0,19.0,11.75,50.916666666666664,0.9734583120995157,1.0,21.0,8.75,86.91666666666667,-7.0,17.0,3.0,101.33333333333333,1.0993981563446316,1.0,25.0,11.0,101.33333333333333,27,18
100,33,2,37,2,32,2,35,0,5,162,167,164.5,1,1,1,1,3,2.1666666666666665,1.0,1.4,1.2047619047619047,1,1,1,1,3,2.1666666666666665,1.0,1.4,1.2047619047619047,1,1,1,1,3,2.1666666666666665,1.0,1.4,1.2047619047619047,0,0,22,22,2.75,60.5,1.2590205373074228,2.0,19.0,11.75,50.916666666666664,0.9734583120995157,1.0,21.0,8.75,86.91666666666667,-7.0,17.0,3.0,101.33333333333333,1.0993981563446316,1.0,25.0,11.0,101.33333333333333,27,18
100,34,2,37,2,32,2,35,0,5,168,173,170.5,1,1,1,1,3,2.1666666666666665,1.0,1.4,1.2047619047619047,1,1,1,1,3,2.1666666666666665,1.0,1.4,1.2047619047619047,1,1,1,1,3,2.1666666666666665,1.0,1.4,1.2047619047619047,0,0,22,22,2.75,60.5,1.2590205373074228,2.0,19.0,11.75,50.916666666666664,0.9734583120995157,1.0,21.0,8.75,86.91666666666667,-7.0,17.0,3.0,101.33333333333333,1.0993981563446316,1.0,25.0,11.0,101.33333333333333,27,18
100,35,2,37,2,32,2,35,0,5,174,179,176.5,1,1,1,1,3,2.1666666666666665,1.0,1.4,1.2047619047619047,1,1,1,1,3,2.1666666666666665,1.0,1.4,1.2047619047619047,1,1,1,1,3,2.1666666666666665,1.0,1.4,1.2047619047619047,0,0,22,22,2.75,60.5,1.2590205373074228,2.0,19.0,11.75,50.916666666666664,0.9734583120995157,1.0,21.0,8.75,86.91666666666667,-7.0,17.0,3.0,101.33333333333333,1.0993981563446316,1.0,25.0,11.0,101.33333333333333,27,18
100,36,2,37,2,32,2,35,0,5,180,185,182.5,1,1,1,1,3,2.1666666666666665,1.0,1.4,1.2047619047619047,1,1,1,1,3,2.1666666666666665,1.0,1.4,1.2047619047619047,1,1,1,1,3,2.1666666666666665,1.0,1.4,1.2047619047619047,0,0,22,22,2.75,60.5,1.2590205373074228,2.0,19.0,11.75,50.916666666666664,0.9734583120995157,1.0,21.0,8.75,86.91666666666667,-7.0,17.0,3.0,101.33333333333333,1.0993981563446316,1.0,25.0,11.0,101.33333333333333,27,18
100,37,2,37,2,32,2,35,0,5,186,191,188.5,1,1,1,1,3,2.1666666666666665,1.0,1.4,1.2047619047619047,1,1,1,1,3,2.1666666666666665,1.0,1.4,1.2047619047619047,1,1,1,1,3,2.1666666666666665,1.0,1.4,1.2047619047619047,0,0,22,22,2.75,60.5,1.2590205373074228,2.0,19.0,11.75,50.916666666666664,0.9734583120995157,1.0,21.0,8.75,86.91666666666667,-7.0,17.0,3.0,101.33333333333333,1.0993981563446316,1.0,25.0,11.0,101.33333333333333,27,18
100,38,2,37,2,32,2,35,0,5,192,197,194.5,1,1,1,1,3,2.1666666666666665,1.0,1.4,1.2047619047619047,1,1,1,1,3,2.1666666666666665,1.0,1.4,1.2047619047619047,1,1,1,1,3,2.1666666666666665,1.0,1.4,1.2047619047619047,0,0,22,22,2.75,60.5,1.2590205373074228,2.0,19.0,11.75,50.916666666666664,0.9734583120995157,1.0,21.0,8.75,86.91666666666667,-7.0,17.0,3.0,101.33333333333333,1.0993981563446316,1.0,25.0,11.0,101.33333333333333,27,18
100,39,2,37,2,32,2,35,0,5,198,203,200.5,1,1,1,1,3,2.1666666666666665,1.0,1.4,1.2047619047619047,1,1,1,1,3,2.1666666666666665,1.0,1.4,1.2047619047619047,1,1,1,1,3,2.1666666666666665,1.0,1.4,1.2047619047619047,0,0,22,22,2.75,60.5,1.2590205373074228,2.0,19.0,11.75,50.916666666666664,0.9734583120995157,1.0,21.0,8.75,86.91666666666667,-7.0,17.0,3.0,101.33333333333333,1.0993981563446316,1.0,25.0,11.0,101.33333333333333,27,18
100,4,2,37,2,32,2,35,0,5,204,209,206.5,1,1,1,1,3,2.1666666666666665,1.0,1.4,1.2047619047619047,1,1,1,1,3,2.1666666666666665,1.0,1.4,1.2047619047619047,1,1,1,1,3,2.1666666666666665,1.0,1.4,1.2047619047619047,0,0,22,22,2.75,60.5,1.2590205373074228,2.0,19.0,11.75,50.916666666666664,0.9734583120995157,1.0,21.0,8.75,86.91666666666667,-7.0,17.0,3.0,101.33333333333333,1.0993981563446316,1.0,25.0,11.0,101.33333333333333,27,18
100,40,2,37,2,32,2,35,0,5,210,215,212.5,1,1,1,1,3,2.1666666666666665,1.0,1.4,1.2047619047619047,1,1,1,1,3,2.1666666666666665,1.0,1.4,1.2047619047619047,1,1,1,1,3,2.1666666666666665,1.0,1.4,1.2047619047619047,0,0,22,22,2.75,60.5,1.2590205373074228,2.0,19.0,11.75,50.916666666666664,0.9734583120995157,1.0,21.0,8.75,86.91666666666667,-7.0,17.0,3.0,101.33333333333333,1.0993981563446316,1.0,25.0,11.0,101.33333333333333,27,18
100,41,2,37,2,32,2,35,0,5,216,221,218.5,1,1,1,1,3,2.1666666666666665,1.0,1.4,1.2047619047619047,1,1,1,1,3,2.1666666666666665,1.0,1.4,1.2047619047619047,1,1,1,1,3,2.1666666666666665,1.0,1.4,1.2047619047619047,0,0,22,22,2.75,60.5,1.2590205373074228,2.0,19.0,11.75,50.916666666666664,0.9734583120995157,1.0,21.0,8.75,86.91666666666667,-7.0,17.0,3.0,101.33333333333333,1.0993981563446316,1.0,25.0,11.0,101.33333333333333,27,18
100,42,2,37,2,32,2,35,0,5,222,227,224.5,1,1,1,1,3,2.1666666666666665,1.0,1.4,1.2047619047619047,1,1,1,1,3,2.1666666666666665,1.0,1.4,1.2047619047619047,1,1,1,1,3,2.1666666666666665,1.0,1.4,1.2047619047619047,0,0,22,22,2.75,60.5,1.2590205373074228,2.0,19.0,11.75,50.916666666666664,0.9734583120995157,1.0,21.0,8.75,86.91666666666667,-7.0,17.0,3.0,101.33333333333333,1.0993981563446316,1.0,25.0,11.0,101.33333333333333,27,18
100,43,2,37,2,32,2,35,0,5,228,233,230.5,1,1,1,1,3,2.1666666666666665,1.0,1.4,1.2047619047619047,1,1,1,1,3,2.1666666666666665,1.0,1.4,1.2047619047619047,1,1,1,1,3,2.1666666666666665,1.0,1.4,1.2047619047619047,0,0,22,22,2.75,60.5,1.2590205373074228,2.0,19.0,11.75,50.916666666666664,0.9734583120995157,1.0,21.0,8.75,86.91666666666667,-7.0,17.0,3.0,101.33333333333333,1.0993981563446316,1.0,25.0,11.0,101.33333333333333,27,18
100,44,2,37,2,32,2,35,0,5,234,239,236.5,1,1,1,1,3,2.1666666666666665,1.0,1.4,1.2047619047619047,1,1,1,1,3,2.1666666666666665,1.0,1.4,1.2047619047619047,1,1,1,1,3,2.1666666666666665,1.0,1.4,1.2047619047619047,0,0,22,22,2.75,60.5,1.2590205373074228,2.0,19.0,11.75,50.916666666666664,0.9734583120995157,1.0,21.0,8.75,86.91666666666667,-7.0,17.0,3.0,101.33333333333333,1.0993981563446316,1.0,25.0,11.0,101.33333333333333,27,18
100,45,2,37,2,32,2,35,0,5,240,245,242.5,1,1,1,1,3,2.1666666666666665,1.0,1.4,1.2047619047619047,1,1,1,1,3,2.1666666666666665,1.0,1.4,1.2047619047619047,1,1,1,1,3,2.1666666666666665,1.0,1.4,1.2047619047619047,0,0,22,22,2.75,60.5,1.2590205373074228,2.0,19.0,11.75,50.916666666666664,0.9734583120995157,1.0,21.0,8.75,86.91666666666667,-7.0,17.0,3.0,101.33333333333333,1.0993981563446316,1.0,25.0,11.0,101.33333333333333,27,18
100,46,2,37,2,32,2,35,0,5,246,251,248.5,1,1,1,1,3,2.1666666666666665,1.0,1.4,1.2047619047619047,1,1,1,1,3,2.1666666666666665,1.0,1.4,1.2047619047619047,1,1,1,1,3,2.1666666666666665,1.0,1.4,1.2047619047619047,0,0,22,22,2.75,60.5,1.2590205373074228,2.0,19.0,11.75,50.916666666666664,0.9734583120995157,1.0,21.0,8.75,86.91666666666667,-7.0,17.0,3.0,101.33333333333333,1.0993981563446316,1.0,25.0,11.0,101.33333333333333,27,18
100,47,2,37,2,32,2,35,0,5,252,257,254.5,1,1,1,1,3,2.1666666666666665,1.0,1.4,1.2047619047619047,1,1,1,1,3,2.1666666666666665,1.0,1.4,1.2047619047619047,1,1,1,1,3,2.1666666666666665,1.0,1.4,1.2047619047619047,0,0,22,22,2.75,60.5,1.2590205373074228,2.0,19.0,11.75,50.916666666666664,0.9734583120995157,1.0,21.0,8.75,86.91666666666667,-7.0,17.0,3.0,101.33333333333333,1.0993981563446316,1.0,25.0,11.0,101.33333333333333,27,18
100,48,2,37,2,32,2,35,0,5,258,263,260.5,1,1,1,1,3,2.1666666666666665,1.0,1.4,1.2047619047619047,1,1,1,1,3,2.1666666666666665,1.0,1.4,1.2047619047619047,1,1,1,1,3,2.1666666666666665,1.0,1.4,1.2047619047619047,0,0,22,22,2.75,60.5,1.2590205373074228,2.0,19.0,11.75,50.916666666666664,0.9734583120995157,1.0,21.0,8.75,86.91666666666667,-7.0,17.0,3.0,101.33333333333333,1.0993981563446316,1.0,25.0,11.0,101.33333333333333,27,18
100,49,2,37,2,32,2,35,0,5,264,269,266.5,1,1,1,1,3,2.1666666666666665,1.0,1.4,1.2047619047619047,1,1,1,1,3,2.1666666666666665,1.0,1.4,1.2047619047619047,1,1,1,1,3,2.1666666666666665,1.0,1.4,1.2047619047619047,0,0,22,22,2.75,60.5,1.2590205373074228,2.0,19.0,11.75,50.916666666666664,0.9734583120995157,1.0,21.0,8.75,86.91666666666667,-7.0,17.0,3.0,101.33333333333333,1.0993981563446316,1.0,25.0,11.0,101.33333333333333,27,18
100,5,2,37,2,32,2,35,0,5,270,275,272.5,1,1,1,1,3,2.1666666666666665,1.0,1.4,1.2047619047619047,1,1,1,1,3,2.1666666666666665,1.0,1.4,1.2047619047619047,1,1,1,1,3,2.1666666666666665,1.0,1.4,1.2047619047619047,0,0,22,22,2.75,60.5,1.2590205373074228,2.0,19.0,11.75,50.916666666666664,0.9734583120995157,1.0,21.0,8.75,86.91666666666667,-7.0,17.0,3.0,101.33333333333333,1.0993981563446316,1.0,25.0,11.0,101.33333333333333,27,18
100,50,2,37,2,32,2,35,0,5,276,281,278.5,1,1,1,1,3,2.1666666666666665,1.0,1.4,1.2047619047619047,1,1,1,1,3,2.1666666666666665,1.0,1.4,1.2047619047619047,1,1,1,1,3,2.1666666666666665,1.0,1.4,1.2047619047619047,0,0,22,22,2.75,60.5,1.2590205373074228,2.0,19.0,11.75,50.916666666666664,0.9734583120995157,1.0,21.0,8.75,86.91666666666667,-7.0,17.0,3.0,101.33333333333333,1.0993981563446316,1.0,25.0,11.0,101.33333333333333,27,18
100,51,2,37,2,32,2,35,0,5,282,287,284.5,1,1,1,1,3,2.1666666666666665,1.0,1.4,1.2047619047619047,1,1,1,1,3,2.1666666666666665,1.0,1.4,1.2047619047619047,1,1,1,1,3,2.1666666666666665,1.0,1.4,1.2047619047619047,0,0,22,22,2.75,60.5,1.2590205373074228,2.0,19.0,11.75,50.916666666666664,0.9734583120995157,1.0,21.0,8.75,86.91666666666667,-7.0,17.0,3.0,101.33333333333333,1.0993981563446316,1.0,25.0,11.0,101.33333333333333,27,18
100,52,2,37,2,32,2,35,0,5,288,293,290.5,1,1,1,1,3,2.1666666666666665,1.0,1.4,1.2047619047619047,1,1,1,1,3,2.1666666666666665,1.0,1.4,1.2047619047619047,1,1,1,1,3,2.1666666666666665,1.0,1.4,1.2047619047619047,0,0,22,22,2.75,60.5,1.2590205373074228,2.0,19.0,11.75,50.916666666666664,0.9734583120995157,1.0,21.0,8.75,86.91666666666667,-7.0,17.0,3.0,101.33333333333333,1.0993981563446316,1.0,25.0,11.0,101.33333333333333,27,18
100,53,2,37,2,32,2,35,0,5,294,299,296.5,1,1,1,1,3,2.1666666666666665,1.0,1.4,1.2047619047619047,1,1,1,1,3,2.1666666666666665,1.0,1.4,1.2047619047619047,1,1,1,1,3,2.1666666666666665,1.0,1.4,1.2047619047619047,0,0,22,22,2.75,60.5,1.2590205373074228,2.0,19.0,11.75,50.916666666666664,0.9734583120995157,1.0,21.0,8.75,86.91666666666667,-7.0,17.0,3.0,101.33333333333333,1.0993981563446316,1.0,25.0,11.0,101.33333333333333,27,18
100,54,2,37,2,32,2,35,0,5,300,305,302.5,1,1,1,1,3,2.1666666666666665,1.0,1.4,1.2047619047619047,1,1,1,1,3,2.1666666666666665,1.0,1.4,1.2047619047619047,1,1,1,1,3,2.1666666666666665,1.0,1.4,1.2047619047619047,0,0,22,22,2.75,60.5,1.2590205373074228,2.0,19.0,11.75,50.916666666666664,0.9734583120995157,1.0,21.0,8.75,86.91666666666667,-7.0,17.0,3.0,101.33333333333333,1.0993981563446316,1.0,25.0,11.0,101.33333333333333,27,18
100,55,2,37,2,32,2,35,0,5,306,311,308.5,1,1,1,1,3,2.1666666666666665,1.0,1.4,1.2047619047619047,1,1,1,1,3,2.1666666666666665,1.0,1.4,1.2047619047619047,1,1,1,1,3,2.1666666666666665,1.0,1.4,1.2047619047619047,0,0,22,22,2.75,60.5,1.2590205373074228,2.0,19.0,11.75,50.916666666666664,0.9734583120995157,1.0,21.0,8.75,86.91666666666667,-7.0,17.0,3.0,101.33333333333333,1.0993981563446316,1.0,25.0,11.0,101.33333333333333,27,18
100,56,2,37,2,32,2,35,0,5,312,317,314.5,1,1,1,1,3,2.1666666666666665,1.0,1.4,1.2047619047619047,1,1,1,1,3,2.1666666666666665,1.0,1.4,1.2047619047619047,1,1,1,1,3,2.1666666666666665,1.0,1.4,1.2047619047619047,0,0,22,22,2.75,60.5,1.2590205373074228,2.0,19.0,11.75,50.916666666666664,0.9734583120995157,1.0,21.0,8.75,86.91666666666667,-7.0,17.0,3.0,101.33333333333333,1.0993981563446316,1.0,25.0,11.0,101.33333333333333,27,18
100,57,2,37,2,32,2,35,0,5,318,323,320.5,1,1,1,1,3,2.1666666666666665,1.0,1.4,1.2047619047619047,1,1,1,1,3,2.1666666666666665,1.0,1.4,1.2047619047619047,1,1,1,1,3,2.1666666666666665,1.0,1.4,1.2047619047619047,0,0,22,22,2.75,60.5,1.2590205373074228,2.0,19.0,11.75,50.916666666666664,0.9734583120995157,1.0,21.0,8.75,86.91666666666667,-7.0,17.0,3.0,101.33333333333333,1.0993981563446316,1.0,25.0,11.0,101.33333333333333,27,18
100,58,2,37,2,32,2,35,0,5,324,329,326.5,1,1,1,1,3,2.1666666666666665,1.0,1.4,1.2047619047619047,1,1,1,1,3,2.1666666666666665,1.0,1.4,1.2047619047619047,1,1,1,1,3,2.1666666666666665,1.0,1.4,1.2047619047619047,0,0,22,22,2.75,60.5,1.2590205373074228,2.0,19.0,11.75,50.916666666666664,0.9734583120995157,1.0,21.0,8.75,86.91666666666667,-7.0,17.0,3.0,101.33333333333333,1.0993981563446316,1.0,25.0,11.0,101.33333333333333,27,18
100,59,2,37,2,32,2,35,0,5,330,335,332.5,1,1,1,1,3,2.1666666666666665,1.0,1.4,1.2047619047619047,1,1,1,1,3,2.1666666666666665,1.0,1.4,1.2047619047619047,1,1,1,1,3,2.1666666666666665,1.0,1.4,1.2047619047619047,0,0,22,22,2.75,60.5,1.2590205373074228,2.0,19.0,11.75,50.916666666666664,0.9734583120995157,1.0,21.0,8.75,86.91666666666667,-7.0,17.0,3.0,101.33333333333333,1.0993981563446316,1.0,25.0,11.0,101.33333333333333,27,18
100,6,2,37,2,32,2,35,0,5,336,341,338.5,1,1,1,1,3,2.1666666666666665,1.0,1.4,1.2047619047619047,1,1,1,1,3,2.1666666666666665,1.0,1.4,1.2047619047619047,1,1,1,1,3,2.1666666666666665,1.0,1.4,1.2047619047619047,0,0,22,22,2.75,60.5,1.2590205373074228,2.0,19.0,11.75,50.916666666666664,0.9734583120995157,1.0,21.0,8.75,86.91666666666667,-7.0,17.0,3.0,101.33333333333333,1.0993981563446316,1.0,25.0,11.0,101.33333333333333,27,18
100,60,2,37,2,32,2,35,0,5,342,347,344.5,1,1,1,1,3,2.1666666666666665,1.0,1.4,1.2047619047619047,1,1,1,1,3,2.1666666666666665,1.0,1.4,1.2047619047619047,1,1,1,1,3,2.1666666666666665,1.0,1.4,1.2047619047619047,0,0,22,22,2.75,60.5,1.2590205373074228,2.0,19.0,11.75,50.916666666666664,0.9734583120995157,1.0,21.0,8.75,86.91666666666667,-7.0,17.0,3.0,101.33333333333333,1.0993981563446316,1.0,25.0,11.0,101.33333333333333,27,18
100,61,2,37,2,32,2,35,0,5,348,353,350.5,1,1,1,1,3,2.1666666666666665,1.0,1.4,1.2047619047619047,1,1,1,1,3,2.1666666666666665,1.0,1.4,1.2047619047619047,1,1,1,1,3,2.1666666666666665,1.0,1.4,1.2047619047619047,0,0,22,22,2.75,60.5,1.2590205373074228,2.0,19.0,11.75,50.916666666666664,0.9734583120995157,1.0,21.0,8.75,86.91666666666667,-7.0,17.0,3.0,101.33333333333333,1.0993981563446316,1.0,25.0,11.0,101.33333333333333,27,18
100,62,2,37,2,32,2,35,0,5,354,359,356.5,1,1,1,1,3,2.1666666666666665,1.0,1.4,1.2047619047619047,1,1,1,1,3,2.1666666666666665,1.0,1.4,1.2047619047619047,1,1,1,1,3,2.1666666666666665,1.0,1.4,1.2047619047619047,0,0,22,22,2.75,60.5,1.2590205373074228,2.0,19.0,11.75,50.916666666666664,0.9734583120995157,1.0,21.0,8.75,86.91666666666667,-7.0,17.0,3.0,101.33333333333333,1.0993981563446316,1.0,25.0,11.0,101.33333333333333,27,18
100,63,2,37,2,32,2,35,0,5,360,365,362.5,1,1,1,1,3,2.1666666666666665,1.0,1.4,1.2047619047619047,1,1,1,1,3,2.1666666666666665,1.0,1.4,1.2047619047619047,1,1,1,1,3,2.1666666666666665,1.0,1.4,1.2047619047619047,0,0,22,22,2.75,60.5,1.2590205373074228,2.0,19.0,11.75,50.916666666666664,0.9734583120995157,1.0,21.0,8.75,86.91666666666667,-7.0,17.0,3.0,101.33333333333333,1.0993981563446316,1.0,25.0,11.0,101.33333333333333,27,18
100,64,2,37,2,32,2,35,0,5,366,371,368.5,1,1,1,1,3,2.1666666666666665,1.0,1.4,1.2047619047619047,1,1,1,1,3,2.1666666666666665,1.0,1.4,1.2047619047619047,1,1,1,1,3,2.1666666666666665,1.0,1.4,1.2047619047619047,0,0,22,22,2.75,60.5,1.2590205373074228,2.0,19.0,11.75,50.916666666666664,0.9734583120995157,1.0,21.0,8.75,86.91666666666667,-7.0,17.0,3.0,101.33333333333333,1.0993981563446316,1.0,25.0,11.0,101.33333333333333,27,18
100,65,2,37,2,32,2,35,0,5,372,377,374.5,1,1,1,1,3,2.1666666666666665,1.0,1.4,1.2047619047619047,1,1,1,1,3,2.1666666666666665,1.0,1.4,1.2047619047619047,1,1,1,1,3,2.1666666666666665,1.0,1.4,1.2047619047619047,0,0,22,22,2.75,60.5,1.2590205373074228,2.0,19.0,11.75,50.916666666666664,0.9734583120995157,1.0,21.0,8.75,86.91666666666667,-7.0,17.0,3.0,101.33333333333333,1.0993981563446316,1.0,25.0,11.0,101.33333333333333,27,18
100,66,2,37,2,32,2,35,0,5,378,383,380.5,1,1,1,1,3,2.1666666666666665,1.0,1.4,1.2047619047619047,1,1,1,1,3,2.1666666666666665,1.0,1.4,1.2047619047619047,1,1,1,1,3,2.1666666666666665,1.0,1.4,1.2047619047619047,0,0,22,22,2.75,60.5,1.2590205373074228,2.0,19.0,11.75,50.916666666666664,0.9734583120995157,1.0,21.0,8.75,86.91666666666667,-7.0,17.0,3.0,101.33333333333333,1.0993981563446316,1.0,25.0,11.0,101.33333333333333,27,18
100,67,2,37,2,32,2,35,0,5,384,389,386.5,1,1,1,1,3,2.1666666666666665,1.0,1.4,1.2047619047619047,1,1,1,1,3,2.1666666666666665,1.0,1.4,1.2047619047619047,1,1,1,1,3,2.1666666666666665,1.0,1.4,1.2047619047619047,0,0,22,22,2.75,60.5,1.2590205373074228,2.0,19.0,11.75,50.916666666666664,0.9734583120995157,1.0,21.0,8.75,86.91666666666667,-7.0,17.0,3.0,101.33333333333333,1.0993981563446316,1.0,25.0,11.0,101.33333333333333,27,18
100,68,2,37,2,32,2,35,0,5,390,395,392.5,1,1,1,1,3,2.1666666666666665,1.0,1.4,1.2047619047619047,1,1,1,1,3,2.1666666666666665,1.0,1.4,1.2047619047619047,1,1,1,1,3,2.1666666666666665,1.0,1.4,1.2047619047619047,0,0,22,22,2.75,60.5,1.2590205373074228,2.0,19.0,11.75,50.916666666666664,0.9734583120995157,1.0,21.0,8.75,86.91666666666667,-7.0,17.0,3.0,101.33333333333333,1.0993981563446316,1.0,25.0,11.0,101.33333333333333,27,18
100,69,2,37,2,32,2,35,0,5,396,401,398.5,1,1,1,1,3,2.1666666666666665,1.0,1.4,1.2047619047619047,1,1,1,1,3,2.1666666666666665,1.0,1.4,1.2047619047619047,1,1,1,1,3,2.1666666666666665,1.0,1.4,1.2047619047619047,0,0,22,22,2.75,60.5,1.2590205373074228,2.0,19.0,11.75,50.916666666666664,0.9734583120995157,1.0,21.0,8.75,86.91666666666667,-7.0,17.0,3.0,101.33333333333333,1.0993981563446316,1.0,25.0,11.0,101.33333333333333,27,18
100,7,2,37,2,32,2,35,0,5,402,407,404.5,1,1,1,1,3,2.1666666666666665,1.0,1.4,1.2047619047619047,1,1,1,1,3,2.1666666666666665,1.0,1.4,1.2047619047619047,1,1,1,1,3,2.1666666666666665,1.0,1.4,1.2047619047619047,0,0,22,22,2.75,60.5,1.2590205373074228,2.0,19.0,11.75,50.916666666666664,0.9734583120995157,1.0,21.0,8.75,86.91666666666667,-7.0,17.0,3.0,101.33333333333333,1.0993981563446316,1.0,25.0,11.0,101.33333333333333,27,18
100,70,2,37,2,32,2,35,0,5,408,413,410.5,1,1,1,1,3,2.1666666666666665,1.0,1.4,1.2047619047619047,1,1,1,1,3,2.1666666666666665,1.0,1.4,1.2047619047619047,1,1,1,1,3,2.1666666666666665,1.0,1.4,1.2047619047619047,0,0,22,22,2.75,60.5,1.2590205373074228,2.0,19.0,11.75,50.916666666666664,0.9734583120995157,1.0,21.0,8.75,86.91666666666667,-7.0,17.0,3.0,101.33333333333333,1.0993981563446316,1.0,25.0,11.0,101.33333333333333,27,18
100,71,2,37,2,32,2,35,0,5,414,419,416.5,1,1,1,1,3,2.1666666666666665,1.0,1.4,1.2047619047619047,1,1,1,1,3,2.1666666666666665,1.0,1.4,1.2047619047619047,1,1,1,1,3,2.1666666666666665,1.0,1.4,1.2047619047619047,0,0,22,22,2.75,60.5,1.2590205373074228,2.0,19.0,11.75,50.916666666666664,0.9734583120995157,1.0,21.0,8.75,86.91666666666667,-7.0,17.0,3.0,101.33333333333333,1.0993981563446316,1.0,25.0,11.0,101.33333333333333,27,18
100,72,2,37,2,32,2,35,0,5,420,425,422.5,1,1,1,1,3,2.1666666666666665,1.0,1.4,1.2047619047619047,1,1,1,1,3,2.1666666666666665,1.0,1.4,1.2047619047619047,1,1,1,1,3,2.1666666666666665,1.0,1.4,1.2047619047619047,0,0,22,22,2.75,60.5,1.2590205373074228,2.0,19.0,11.75,50.916666666666664,0.9734583120995157,1.0,21.0,8.75,86.91666666666667,-7.0,17.0,3.0,101.33333333333333,1.0993981563446316,1.0,25.0,11.0,101.33333333333333,27,18
100,73,2,37,2,32,2,35,0,5,426,431,428.5,1,1,1,1,3,2.1666666666666665,1.0,1.4,1.2047619047619047,1,1,1,1,3,2.1666666666666665,1.0,1.4,1.2047619047619047,1,1,1,1,3,2.1666666666666665,1.0,1.4,1.2047619047619047,0,0,22,22,2.75,60.5,1.2590205373074228,2.0,19.0,11.75,50.916666666666664,0.9734583120995157,1.0,21.0,8.75,86.91666666666667,-7.0,17.0,3.0,101.33333333333333,1.0993981563446316,1.0,25.0,11.0,101.33333333333333,27,18
100,74,2,37,2,32,2,35,0,5,432,437,434.5,1,1,1,1,3,2.1666666666666665,1.0,1.4,1.2047619047619047,1,1,1,1,3,2.1666666666666665,1.0,1.4,1.2047619047619047,1,1,1,1,3,2.1666666666666665,1.0,1.4,1.2047619047619047,0,0,22,22,2.75,60.5,1.2590205373074228,2.0,19.0,11.75,50.916666666666664,0.9734583120995157,1.0,21.0,8.75,86.91666666666667,-7.0,17.0,3.0,101.33333333333333,1.0993981563446316,1.0,25.0,11.0,101.33333333333333,27,18
100,75,2,37,2,32,2,35,0,5,438,443,440.5,1,1,1,1,3,2.1666666666666665,1.0,1.4,1.2047619047619047,1,1,1,1,3,2.1666666666666665,1.0,1.4,1.2047619047619047,1,1,1,1,3,2.1666666666666665,1.0,1.4,1.2047619047619047,0,0,22,22,2.75,60.5,1.2590205373074228,2.0,19.0,11.75,50.916666666666664,0.9734583120995157,1.0,21.0,8.75,86.91666666666667,-7.0,17.0,3.0,101.33333333333333,1.0993981563446316,1.0,25.0,11.0,101.33333333333333,27,18
100,76,2,37,2,32,2,35,0,5,444,449,446.5,1,1,1,1,3,2.1666666666666665,1.0,1.4,1.2047619047619047,1,1,1,1,3,2.1666666666666665,1.0,1.4,1.2047619047619047,1,1,1,1,3,2.1666666666666665,1.0,1.4,1.2047619047619047,0,0,22,22,2.75,60.5,1.2590205373074228,2.0,19.0,11.75,50.916666666666664,0.9734583120995157,1.0,21.0,8.75,86.91666666666667,-7.0,17.0,3.0,101.33333333333333,1.0993981563446316,1.0,25.0,11.0,101.33333333333333,27,18
100,77,2,37,2,32,2,35,0,5,450,455,452.5,1,1,1,1,3,2.1666666666666665,1.0,1.4,1.2047619047619047,1,1,1,1,3,2.1666666666666665,1.0,1.4,1.2047619047619047,1,1,1,1,3,2.1666666666666665,1.0,1.4,1.2047619047619047,0,0,22,22,2.75,60.5,1.2590205373074228,2.0,19.0,11.75,50.916666666666664,0.9734583120995157,1.0,21.0,8.75,86.91666666666667,-7.0,17.0,3.0,101.33333333333333,1.0993981563446316,1.0,25.0,11.0,101.33333333333333,27,18
100,78,2,37,2,32,2,35,0,5,456,461,458.5,1,1,1,1,3,2.1666666666666665,1.0,1.4,1.2047619047619047,1,1,1,1,3,2.1666666666666665,1.0,1.4,1.2047619047619047,1,1,1,1,3,2.1666666666666665,1.0,1.4,1.2047619047619047,0,0,22,22,2.75,60.5,1.2590205373074228,2.0,19.0,11.75,50.916666666666664,0.9734583120995157,1.0,21.0,8.75,86.91666666666667,-7.0,17.0,3.0,101.33333333333333,1.0993981563446316,1.0,25.0,11.0,101.33333333333333,27,18
100,79,2,37,2,32,2,35,0,5,462,467,464.5,1,1,1,1,3,2.1666666666666665,1.0,1.4,1.2047619047619047,1,1,1,1,3,2.1666666666666665,1.0,1.4,1.2047619047619047,1,1,1,1,3,2.1666666666666665,1.0,1.4,1.2047619047619047,0,0,22,22,2.75,60.5,1.2590205373074228,2.0,19.0,11.75,50.916666666666664,0.9734583120995157,1.0,21.0,8.75,86.91666666666667,-7.0,17.0,3.0,101.33333333333333,1.0993981563446316,1.0,25.0,11.0,101.33333333333333,27,18
100,8,2,37,2,32,2,35,0,5,468,473,470.5,1,1,1,1,3,2.1666666666666665,1.0,1.4,1.2047619047619047,1,1,1,1,3,2.1666666666666665,1.0,1.4,1.2047619047619047,1,1,1,1,3,2.1666666666666665,1.0,1.4,1.2047619047619047,0,0,22,22,2.75,60.5,1.2590205373074228,2.0,19.0,11.75,50.916666666666664,0.9734583120995157,1.0,21.0,8.75,86.91666666666667,-7.0,17.0,3.0,101.33333333333333,1.0993981563446316,1.0,25.0,11.0,101.33333333333333,27,18
100,80,2,37,2,32,2,35,0,5,474,479,476.5,1,1,1,1,3,2.1666666666666665,1.0,1.4,1.2047619047619047,1,1,1,1,3,2.1666666666666665,1.0,1.4,1.2047619047619047,1,1,1,1,3,2.1666666666666665,1.0,1.4,1.2047619047619047,0,0,22,22,2.75,60.5,1.2590205373074228,2.0,19.0,11.75,50.916666666666664,0.9734583120995157,1.0,21.0,8.75,86.91666666666667,-7.0,17.0,3.0,101.33333333333333,1.0993981563446316,1.0,25.0,11.0,101.33333333333333,27,18
100,81,2,37,2,32,2,35,0,5,480,485,482.5,1,1,1,1,3,2.1666666666666665,1.0,1.4,1.2047619047619047,1,1,1,1,3,2.1666666666666665,1.0,1.4,1.2047619047619047,1,1,1,1,3,2.1666666666666665,1.0,1.4,1.2047619047619047,0,0,22,22,2.75,60.5,1.2590205373074228,2.0,19.0,11.75,50.916666666666664,0.9734583120995157,1.0,21.0,8.75,86.91666666666667,-7.0,17.0,3.0,101.33333333333333,1.0993981563446316,1.0,25.0,11.0,101.33333333333333,27,18
100,82,2,37,2,32,2,35,0,5,486,491,488.5,1,1,1,1,3,2.1666666666666665,1.0,1.4,1.2047619047619047,1,1,1,1,3,2.1666666666666665,1.0,1.4,1.2047619047619047,1,1,1,1,3,2.1666666666666665,1.0,1.4,1.2047619047619047,0,0,22,22,2.75,60.5,1.2590205373074228,2.0,19.0,11.75,50.916666666666664,0.9734583120995157,1.0,21.0,8.75,86.91666666666667,-7.0,17.0,3.0,101.33333333333333,1.0993981563446316,1.0,25.0,11.0,101.33333333333333,27,18
100,83,2,37,2,32,2,35,0,5,492,497,494.5,1,1,1,1,3,2.1666666666666665,1.0,1.4,1.2047619047619047,1,1,1,1,3,2.1666666666666665,1.0,1.4,1.2047619047619047,1,1,1,1,3,2.1666666666666665,1.0,1.4,1.2047619047619047,0,0,22,22,2.75,60.5,1.2590205373074228,2.0,19.0,11.75,50.916666666666664,0.9734583120995157,1.0,21.0,8.75,86.91666666666667,-7.0,17.0,3.0,101.33333333333333,1.0993981563446316,1.0,25.0,11.0,101.33333333333333,27,18
100,84,2,37,2,32,2,35,0,5,498,503,500.5,1,1,1,1,3,2.1666666666666665,1.0,1.4,1.2047619047619047,1,1,1,1,3,2.1666666666666665,1.0,1.4,1.2047619047619047,1,1,1,1,3,2.1666666666666665,1.0,1.4,1.2047619047619047,0,0,22,22,2.75,60.5,1.2590205373074228,2.0,19.0,11.75,50.916666666666664,0.9734583120995157,1.0,21.0,8.75,86.91666666666667,-7.0,17.0,3.0,101.33333333333333,1.0993981563446316,1.0,25.0,11.0,101.33333333333333,27,18
100,85,2,37,2,32,2,35,0,5,504,509,506.5,1,1,1,1,3,2.1666666666666665,1.0,1.4,1.2047619047619047,1,1,1,1,3,2.1666666666666665,1.0,1.4,1.2047619047619047,1,1,1,1,3,2.1666666666666665,1.0,1.4,1.2047619047619047,0,0,22,22,2.75,60.5,1.2590205373074228,2.0,19.0,11.75,50.916666666666664,0.9734583120995157,1.0,21.0,8.75,86.91666666666667,-7.0,17.0,3.0,101.33333333333333,1.0993981563446316,1.0,25.0,11.0,101.33333333333333,27,18
100,86,2,37,2,32,2,35,0,5,510,515,512.5,1,1,1,1,3,2.1666666666666665,1.0,1.4,1.2047619047619047,1,1,1,1,3,2.1666666666666665,1.0,1.4,1.2047619047619047,1,1,1,1,3,2.1666666666666665,1.0,1.4,1.2047619047619047,0,0,22,22,2.75,60.5,1.2590205373074228,2.0,19.0,11.75,50.916666666666664,0.9734583120995157,1.0,21.0,8.75,86.91666666666667,-7.0,17.0,3.0,101.33333333333333,1.0993981563446316,1.0,25.0,11.0,101.33333333333333,27,18
100,87,2,37,2,32,2,35,0,5,516,521,518.5,1,1,1,1,3,2.1666666666666665,1.0,1.4,1.2047619047619047,1,1,1,1,3,2.1666666666666665,1.0,1.4,1.2047619047619047,1,1,1,1,3,2.1666666666666665,1.0,1.4,1.2047619047619047,0,0,22,22,2.75,60.5,1.2590205373074228,2.0,19.0,11.75,50.916666666666664,0.9734583120995157,1.0,21.0,8.75,86.91666666666667,-7.0,17.0,3.0,101.33333333333333,1.0993981563446316,1.0,25.0,11.0,101.33333333333333,27,18
100,88,2,37,2,32,2,35,0,5,522,527,524.5,1,1,1,1,3,2.1666666666666665,1.0,1.4,1.2047619047619047,1,1,1,1,3,2.1666666666666665,1.0,1.4,1.2047619047619047,1,1,1,1,3,2.1666666666666665,1.0,1.4,1.2047619047619047,0,0,22,22,2.75,60.5,1.2590205373074228,2.0,19.0,11.75,50.916666666666664,0.9734583120995157,1.0,21.0,8.75,86.91666666666667,-7.0,17.0,3.0,101.33333333333333,1.0993981563446316,1.0,25.0,11.0,101.33333333333333,27,18
100,89,2,37,2,32,2,35,0,5,528,533,530.5,1,1,1,1,3,2.1666666666666665,1.0,1.4,1.2047619047619047,1,1,1,1,3,2.1666666666666665,1.0,1.4,1.2047619047619047,1,1,1,1,3,2.1666666666666665,1.0,1.4,1.2047619047619047,0,0,22,22,2.75,60.5,1.2590205373074228,2.0,19.0,11.75,50.916666666666664,0.9734583120995157,1.0,21.0,8.75,86.91666666666667,-7.0,17.0,3.0,101.33333333333333,1.0993981563446316,1.0,25.0,11.0,101.33333333333333,27,18
100,9,2,37,2,32,2,35,0,5,534,539,536.5,1,1,1,1,3,2.1666666666666665,1.0,1.4,1.2047619047619047,1,1,1,1,3,2.1666666666666665,1.0,1.4,1.2047619047619047,1,1,1,1,3,2.1666666666666665,1.0,1.4,1.2047619047619047,0,0,22,22,2.75,60.5,1.2590205373074228,2.0,19.0,11.75,50.916666666666664,0.9734583120995157,1.0,21.0,8.75,86.91666666666667,-7.0,17.0,3.0,101.33333333333333,1.0993981563446316,1.0,25.0,11.0,101.33333333333333,27,18
100,90,2,37,2,32,2,35,0,5,540,545,542.5,1,1,1,1,3,2.1666666666666665,1.0,1.4,1.2047619047619047,1,1,1,1,3,2.1666666666666665,1.0,1.4,1.2047619047619047,1,1,1,1,3,2.1666666666666665,1.0,1.4,1.2047619047619047,0,0,22,22,2.75,60.5,1.2590205373074228,2.0,19.0,11.75,50.916666666666664,0.9734583120995157,1.0,21.0,8.75,86.91666666666667,-7.0,17.0,3.0,101.33333333333333,1.0993981563446316,1.0,25.0,11.0,101.33333333333333,27,18
100,91,2,37,2,32,2,35,0,5,546,551,548.5,1,1,1,1,3,2.1666666666666665,1.0,1.4,1.2047619047619047,1,1,1,1,3,2.1666666666666665,1.0,1.4,1.2047619047619047,1,1,1,1,3,2.1666666666666665,1.0,1.4,1.2047619047619047,0,0,22,22,2.75,60.5,1.2590205373074228,2.0,19.0,11.75,50.916666666666664,0.9734583120995157,1.0,21.0,8.75,86.91666666666667,-7.0,17.0,3.0,101.33333333333333,1.0993981563446316,1.0,25.0,11.0,101.33333333333333,27,18
100,92,2,37,2,32,2,35,0,5,552,557,554.5,1,1,1,1,3,2.1666666666666665,1.0,1.4,1.2047619047619047,1,1,1,1,3,2.1666666666666665,1.0,1.4,1.2047619047619047,1,1,1,1,3,2.1666666666666665,1.0,1.4,1.2047619047619047,0,0,22,22,2.75,60.5,1.2590205373074228,2.0,19.0,11.75,50.916666666666664,0.9734583120995157,1.0,21.0,8.75,86.91666666666667,-7.0,17.0,3.0,101.33333333333333,1.0993981563446316,1.0,25.0,11.0,101.33333333333333,27,18
100,93,2,37,2,32,2,35,0,5,558,563,560.5,1,1,1,1,3,2.1666666666666665,1.0,1.4,1.2047619047619047,1,1,1,1,3,2.1666666666666665,1.0,1.4,1.2047619047619047,1,1,1,1,3,2.1666666666666665,1.0,1.4,1.2047619047619047,0,0,22,22,2.75,60.5,1.2590205373074228,2.0,19.0,11.75,50.916666666666664,0.9734583120995157,1.0,21.0,8.75,86.91666666666667,-7.0,17.0,3.0,101.33333333333333,1.0993981563446316,1.0,25.0,11.0,101.33333333333333,27,18
100,94,2,37,2,32,2,35,0,5,564,569,566.5,1,1,1,1,3,2.1666666666666665,1.0,1.4,1.2047619047619047,1,1,1,1,3,2.1666666666666665,1.0,1.4,1.2047619047619047,1,1,1,1,3,2.1666666666666665,1.0,1.4,1.2047619047619047,0,0,22,22,2.75,60.5,1.2590205373074228,2.0,19.0,11.75,50.916666666666664,0.9734583120995157,1.0,21.0,8.75,86.91666666666667,-7.0,17.0,3.0,101.33333333333333,1.0993981563446316,1.0,25.0,11.0,101.33333333333333,27,18
100,95,2,37,2,32,2,35,0,5,570,575,572.5,1,1,1,1,3,2.1666666666666665,1.0,1.4,1.2047619047619047,1,1,1,1,3,2.1666666666666665,1.0,1.4,1.2047619047619047,1,1,1,1,3,2.1666666666666665,1.0,1.4,1.2047619047619047,0,0,22,22,2.75,60.5,1.2590205373074228,2.0,19.0,11.75,50.916666666666664,0.9734583120995157,1.0,21.0,8.75,86.91666666666667,-7.0,17.0,3.0,101.33333333333333,1.0993981563446316,1.0,25.0,11.0,101.33333333333333,27,18
100,96,2,37,2,32,2,35,0,5,576,581,578.5,1,1,1,1,3,2.1666666666666665,1.0,1.4,1.2047619047619047,1,1,1,1,3,2.1666666666666665,1.0,1.4,1.2047619047619047,1,1,1,1,3,2.1666666666666665,1.0,1.4,1.2047619047619047,0,0,22,22,2.75,60.5,1.2590205373074228,2.0,19.0,11.75,50.916666666666664,0.9734583120995157,1.0,21.0,8.75,86.91666666666667,-7.0,17.0,3.0,101.33333333333333,1.0993981563446316,1.0,25.0,11.0,101.33333333333333,27,18
100,97,2,37,2,32,2,35,0,5,582,587,584.5,1,1,1,1,3,2.1666666666666665,1.0,1.4,1.2047619047619047,1,1,1,1,3,2.1666666666666665,1.0,1.4,1.2047619047619047,1,1,1,1,3,2.1666666666666665,1.0,1.4,1.2047619047619047,0,0,22,22,2.75,60.5,1.2590205373074228,2.0,19.0,11.75,50.916666666666664,0.9734583120995157,1.0,21.0,8.75,86.91666666666667,-7.0,17.0,3.0,101.33333333333333,1.0993981563446316,1.0,25.0,11.0,101.33333333333333,27,18
100,98,2,37,2,32,2,35,0,5,588,593,590.5,1,1,1,1,3,2.1666666666666665,1.0,1.4,1.2047619047619047,1,1,1,1,3,2.1666666666666665,1.0,1.4,1.2047619047619047,1,1,1,1,3,2.1666666666666665,1.0,1.4,1.2047619047619047,0,0,22,22,2.75,60.5,1.2590205373074228,2.0,19.0,11.75,50.916666666666664,0.9734583120995157,1.0,21.0,8.75,86.91666666666667,-7.0,17.0,3.0,101.33333333333333,1.0993981563446316,1.0,25.0,11.0,101.33333333333333,27,18
100,99,2,37,2,32,2,35,0,5,594,599,596.5,1,1,1,1,3,2.1666666666666665,1.0,1.4,1.2047619047619047,1,1,1,1,3,2.1666666666666665,1.0,1.4,1.2047619047619047,1,1,1,1,3,2.1666666666666665,1.0,1.4,1.2047619047619047,0,0,22,22,2.75,60.5,1.2590205373074228,2.0,19.0,11.75,50.916666666666664,0.9734583120995157,1.0,21.0,8.75,86.91666666666667,-7.0,17.0,3.0,101.33333333333333,1.0993981563446316,1.0,25.0,11.0,101.33333333333333,27,18
